{
  "ttfb": 307.4000000000233,
  "fcp": 356,
  "lcp": 356,
  "cls": 0,
  "loadTime": 344.29999999998836,
  "domContentLoaded": 344.0999999999767,
  "searchDuration": 439
}