{
  "ttfb": 309.80000000004657,
  "fcp": 1508,
  "lcp": 1508,
  "cls": 0,
  "loadTime": 2595.8000000000466,
  "domContentLoaded": 1522.5999999999767
}