{
  "ttfb": 298.1999999999971,
  "fcp": 1324,
  "lcp": 1324,
  "cls": 0,
  "loadTime": 1880.300000000003,
  "domContentLoaded": 1329.5
}