{
  "ttfb": 330,
  "fcp": 1532,
  "lcp": 1532,
  "cls": 0,
  "loadTime": 2404.5999999999913,
  "domContentLoaded": 1549.300000000003
}