{
  "ttfb": 281.59999999999127,
  "fcp": 1240,
  "lcp": 1240,
  "cls": 0,
  "loadTime": 2090.5999999999913,
  "domContentLoaded": 1253.699999999997
}