{
  "ttfb": 355.3000000000029,
  "fcp": 1568,
  "lcp": 1568,
  "cls": 0,
  "loadTime": 2667.899999999994,
  "domContentLoaded": 1601.800000000003
}