{
  "ttfb": 293.3999999999942,
  "fcp": 0,
  "lcp": 0,
  "cls": 0,
  "loadTime": 326.29999999998836,
  "domContentLoaded": 326.1000000000058,
  "searchDuration": 437
}