{
  "ttfb": 274.6000000000349,
  "fcp": 1300,
  "lcp": 1300,
  "cls": 0,
  "loadTime": 2123.2999999999884,
  "domContentLoaded": 1342.0999999999767
}