{
  "ttfb": 252.40000000002328,
  "fcp": 0,
  "lcp": 0,
  "cls": 0,
  "loadTime": 294.9000000000233,
  "domContentLoaded": 294.5999999999767,
  "searchDuration": 459
}