{
  "ttfb": 289.8000000000029,
  "fcp": 1224,
  "lcp": 1224,
  "cls": 0,
  "loadTime": 2023.0999999999913,
  "domContentLoaded": 1266
}