{
  "ttfb": 375.3999999999942,
  "fcp": 1580,
  "lcp": 1580,
  "cls": 0,
  "loadTime": 2220.9000000000087,
  "domContentLoaded": 1607.4000000000087
}