{
  "ttfb": 372.8999999999942,
  "fcp": 436,
  "lcp": 436,
  "cls": 0,
  "loadTime": 426.1999999999971,
  "domContentLoaded": 425.8999999999942,
  "searchDuration": 504
}