{
  "ttfb": 323.8999999999651,
  "fcp": 1548,
  "lcp": 1548,
  "cls": 0,
  "loadTime": 2421.2000000000116,
  "domContentLoaded": 1566
}