{
  "ttfb": 300.10000000009313,
  "fcp": 1256,
  "lcp": 1256,
  "cls": 0,
  "loadTime": 1915,
  "domContentLoaded": 1272.8000000000466
}