{
  "ttfb": 299.3000000000029,
  "fcp": 0,
  "lcp": 0,
  "cls": 0,
  "loadTime": 343.59999999999127,
  "domContentLoaded": 343.3999999999942,
  "searchDuration": 429
}