{
  "ttfb": 319.3999999999942,
  "fcp": 1488,
  "lcp": 1488,
  "cls": 0,
  "loadTime": 2121.9000000000087,
  "domContentLoaded": 1500.5
}