{
  "ttfb": 275.5999999999767,
  "fcp": 1256,
  "lcp": 1256,
  "cls": 0,
  "loadTime": 1961.8000000000466,
  "domContentLoaded": 1277.2000000000116
}