{
  "ttfb": 271.59999999999127,
  "fcp": 1256,
  "lcp": 1256,
  "cls": 0,
  "loadTime": 2113.5999999999913,
  "domContentLoaded": 1297.5999999999913
}