{
  "ttfb": 314.09999999999127,
  "fcp": 1572,
  "lcp": 1572,
  "cls": 0,
  "loadTime": 2401.399999999994,
  "domContentLoaded": 1619.2999999999884
}