{
  "ttfb": 298.1000000000058,
  "fcp": 0,
  "lcp": 0,
  "cls": 0,
  "loadTime": 333.5,
  "domContentLoaded": 333.3000000000029,
  "searchDuration": 431
}