{
  "ttfb": 363.3999999999942,
  "fcp": 1544,
  "lcp": 1544,
  "cls": 0,
  "loadTime": 2381.5,
  "domContentLoaded": 1564.1000000000058
}