{
  "ttfb": 284.29999999998836,
  "fcp": 1252,
  "lcp": 1252,
  "cls": 0,
  "loadTime": 2109.5999999999767,
  "domContentLoaded": 1266.7999999999884
}