{
  "ttfb": 238.79999999998836,
  "fcp": 0,
  "lcp": 0,
  "cls": 0,
  "loadTime": 275,
  "domContentLoaded": 274.8999999999651,
  "searchDuration": 393
}