{
  "ttfb": 323.29999999998836,
  "fcp": 1540,
  "lcp": 1540,
  "cls": 0,
  "loadTime": 2187.399999999994,
  "domContentLoaded": 1571.3999999999942
}