{
  "ttfb": 302.5,
  "fcp": 0,
  "lcp": 0,
  "cls": 0,
  "loadTime": 335.3999999999942,
  "domContentLoaded": 335.20000000001164,
  "searchDuration": 441
}