{
  "ttfb": 303.8999999999942,
  "fcp": 1188,
  "lcp": 1188,
  "cls": 0,
  "loadTime": 1639.3999999999942,
  "domContentLoaded": 1206.300000000003
}