{
  "ttfb": 685.8999999999942,
  "fcp": 752,
  "lcp": 752,
  "cls": 0,
  "loadTime": 736.2000000000116,
  "domContentLoaded": 735.8999999999942,
  "searchDuration": 843
}