{
  "ttfb": 288.30000000001746,
  "fcp": 1376,
  "lcp": 1376,
  "cls": 0,
  "loadTime": 1830.5,
  "domContentLoaded": 1411.2000000000116
}