{
  "ttfb": 988.1999999999971,
  "fcp": 2420,
  "lcp": 2420,
  "cls": 0,
  "loadTime": 2847.9000000000087,
  "domContentLoaded": 2441.4000000000087
}