{
  "ttfb": 324.30000000001746,
  "fcp": 1536,
  "lcp": 1536,
  "cls": 0,
  "loadTime": 2602.7000000000116,
  "domContentLoaded": 1549.3999999999942
}