{
  "ttfb": 279.9000000000233,
  "fcp": 1364,
  "lcp": 1364,
  "cls": 0,
  "loadTime": 1832.6999999999534,
  "domContentLoaded": 1365.5999999999767
}