{
  "ttfb": 288.6999999999971,
  "fcp": 1336,
  "lcp": 1336,
  "cls": 0,
  "loadTime": 2098.7000000000116,
  "domContentLoaded": 1353.5
}