{
  "ttfb": 289.6000000000058,
  "fcp": 0,
  "lcp": 0,
  "cls": 0,
  "loadTime": 319.6999999999971,
  "domContentLoaded": 319.5,
  "searchDuration": 405
}