{
  "ttfb": 350.1000000000058,
  "fcp": 0,
  "lcp": 0,
  "cls": 0,
  "loadTime": 386.5,
  "domContentLoaded": 386.3000000000029,
  "searchDuration": 492
}