{
  "ttfb": 325.20000000001164,
  "fcp": 1756,
  "lcp": 1756,
  "cls": 0,
  "loadTime": 2233.5,
  "domContentLoaded": 1774.9000000000233
}