{
  "ttfb": 959.1999999999825,
  "fcp": 1004,
  "lcp": 1004,
  "cls": 0,
  "loadTime": 992.6000000000058,
  "domContentLoaded": 992.2999999999884,
  "searchDuration": 1071
}