{
  "ttfb": 290.59999999999127,
  "fcp": 1248,
  "lcp": 1248,
  "cls": 0,
  "loadTime": 1745.3999999999942,
  "domContentLoaded": 1261.5999999999913
}