{
  "ttfb": 295.3999999999942,
  "fcp": 0,
  "lcp": 0,
  "cls": 0,
  "loadTime": 332.8000000000029,
  "domContentLoaded": 332.5,
  "searchDuration": 430
}