{
  "ttfb": 316.5999999999767,
  "fcp": 1260,
  "lcp": 1260,
  "cls": 0,
  "loadTime": 1746.0999999999767,
  "domContentLoaded": 1307.7999999999884
}