{
  "ttfb": 260.20000000001164,
  "fcp": 1164,
  "lcp": 1164,
  "cls": 0,
  "loadTime": 1900,
  "domContentLoaded": 1190.6000000000058
}