{
  "ttfb": 328.8999999999942,
  "fcp": 1500,
  "lcp": 1500,
  "cls": 0,
  "loadTime": 2129.199999999997,
  "domContentLoaded": 1517.699999999997
}