{
  "ttfb": 398.8999999999942,
  "fcp": 1544,
  "lcp": 1544,
  "cls": 0,
  "loadTime": 2036.0000000000146,
  "domContentLoaded": 1558.699999999997
}