{
  "ttfb": 423.8000000000029,
  "fcp": 1576,
  "lcp": 1576,
  "cls": 0,
  "loadTime": 1927.6000000000058,
  "domContentLoaded": 1588.7000000000116
}