{
  "ttfb": 292.3999999999942,
  "fcp": 0,
  "lcp": 0,
  "cls": 0,
  "loadTime": 327.1999999999971,
  "domContentLoaded": 327,
  "searchDuration": 407
}