{
  "ttfb": 348.29999999981374,
  "fcp": 1576,
  "lcp": 1576,
  "cls": 0,
  "loadTime": 2129.100000000093,
  "domContentLoaded": 1571.4000000001397
}