{
  "ttfb": 348.69999999998254,
  "fcp": 1556,
  "lcp": 1556,
  "cls": 0,
  "loadTime": 2203.9000000000233,
  "domContentLoaded": 1575
}