{
  "ttfb": 272.1000000000058,
  "fcp": 0,
  "lcp": 0,
  "cls": 0,
  "loadTime": 306.59999999999127,
  "domContentLoaded": 306.3999999999942,
  "searchDuration": 420
}