{
  "ttfb": 281.8000000000029,
  "fcp": 1360,
  "lcp": 1360,
  "cls": 0,
  "loadTime": 2273.100000000006,
  "domContentLoaded": 1409.800000000003
}