{
  "ttfb": 282.79999999998836,
  "fcp": 1216,
  "lcp": 1216,
  "cls": 0,
  "loadTime": 1695.7000000000116,
  "domContentLoaded": 1236
}