{
  "ttfb": 298.1999999999971,
  "fcp": 0,
  "lcp": 0,
  "cls": 0,
  "loadTime": 328.1999999999971,
  "domContentLoaded": 328,
  "searchDuration": 433
}