{
  "ttfb": 273.8999999999651,
  "fcp": 1204,
  "lcp": 1204,
  "cls": 0,
  "loadTime": 1669.2000000000116,
  "domContentLoaded": 1221.100000000035
}