{
  "ttfb": 284.59999999999127,
  "fcp": 1608,
  "lcp": 1608,
  "cls": 0,
  "loadTime": 2183.800000000003,
  "domContentLoaded": 1648.5
}