{
  "ttfb": 251.00000000001455,
  "fcp": 300,
  "lcp": 300,
  "cls": 0,
  "loadTime": 285.09999999999127,
  "domContentLoaded": 284.90000000000873,
  "searchDuration": 446
}