{
  "ttfb": 296.80000000004657,
  "fcp": 1276,
  "lcp": 1276,
  "cls": 0,
  "loadTime": 1791.7999999998137,
  "domContentLoaded": 1284.5
}