{
  "ttfb": 420.1000000000058,
  "fcp": 1568,
  "lcp": 1568,
  "cls": 0,
  "loadTime": 2174.600000000006,
  "domContentLoaded": 1585.9000000000087
}