{
  "ttfb": 316.29999999998836,
  "fcp": 0,
  "lcp": 0,
  "cls": 0,
  "loadTime": 374.70000000001164,
  "domContentLoaded": 374.5,
  "searchDuration": 466
}