{
  "ttfb": 345.1999999999971,
  "fcp": 1544,
  "lcp": 1544,
  "cls": 0,
  "loadTime": 2394.699999999997,
  "domContentLoaded": 1570.1000000000058
}