{
  "ttfb": 350.20000000001164,
  "fcp": 1352,
  "lcp": 1352,
  "cls": 0,
  "loadTime": 1857,
  "domContentLoaded": 1362.5999999999767
}