{
  "ttfb": 289.20000000001164,
  "fcp": 328,
  "lcp": 328,
  "cls": 0,
  "loadTime": 317.5,
  "domContentLoaded": 317.3000000000029,
  "searchDuration": 401
}