{
  "ttfb": 322.69999999995343,
  "fcp": 1292,
  "lcp": 1292,
  "cls": 0,
  "loadTime": 1804.5999999999767,
  "domContentLoaded": 1314.5
}