{
  "ttfb": 254.60000000000582,
  "fcp": 0,
  "lcp": 0,
  "cls": 0,
  "loadTime": 289.0999999999767,
  "domContentLoaded": 288.8999999999942,
  "searchDuration": 414
}