{
  "ttfb": 389.30000000004657,
  "fcp": 1536,
  "lcp": 1536,
  "cls": 0,
  "loadTime": 1858.3000000000466,
  "domContentLoaded": 1550.1999999999534
}