{
  "ttfb": 333.9000000000233,
  "fcp": 1528,
  "lcp": 1528,
  "cls": 0,
  "loadTime": 2162.8000000000466,
  "domContentLoaded": 1547.1000000000931
}