{
  "ttfb": 355.20000000001164,
  "fcp": 0,
  "lcp": 0,
  "cls": 0,
  "loadTime": 386.5999999999767,
  "domContentLoaded": 386.29999999998836,
  "searchDuration": 466
}