{
  "ttfb": 373.5,
  "fcp": 428,
  "lcp": 428,
  "cls": 0,
  "loadTime": 416.40000000000873,
  "domContentLoaded": 416.20000000001164,
  "searchDuration": 531
}