{
  "ttfb": 289.6999999999971,
  "fcp": 1312,
  "lcp": 1312,
  "cls": 0,
  "loadTime": 1861.800000000003,
  "domContentLoaded": 1323.1000000000058
}