{
  "ttfb": 263.70000000001164,
  "fcp": 0,
  "lcp": 0,
  "cls": 0,
  "loadTime": 293.69999999995343,
  "domContentLoaded": 293.5,
  "searchDuration": 415
}