{
  "ttfb": 379.8000000000029,
  "fcp": 1480,
  "lcp": 1480,
  "cls": 0,
  "loadTime": 2065.699999999997,
  "domContentLoaded": 1510.3999999999942
}