{
  "ttfb": 534.2000000000116,
  "fcp": 2004,
  "lcp": 2004,
  "cls": 0,
  "loadTime": 2665.100000000006,
  "domContentLoaded": 2037.7999999999884
}