{
  "ttfb": 415.3000000000029,
  "fcp": 1700,
  "lcp": 1700,
  "cls": 0,
  "loadTime": 2235,
  "domContentLoaded": 1690.2999999999884
}