{
  "ttfb": 369.6000000000058,
  "fcp": 0,
  "lcp": 0,
  "cls": 0,
  "loadTime": 399.40000000000873,
  "domContentLoaded": 399.3000000000029,
  "searchDuration": 511
}