{
  "ttfb": 255.9000000001397,
  "fcp": 0,
  "lcp": 0,
  "cls": 0,
  "loadTime": 289.89999999990687,
  "domContentLoaded": 289.69999999995343,
  "searchDuration": 429
}