{
  "ttfb": 374.09999999999127,
  "fcp": 1628,
  "lcp": 1628,
  "cls": 0,
  "loadTime": 2299,
  "domContentLoaded": 1641.2999999999884
}