{
  "ttfb": 343.1999999999971,
  "fcp": 1452,
  "lcp": 1452,
  "cls": 0,
  "loadTime": 1977.800000000003,
  "domContentLoaded": 1473.4000000000087
}