{
  "ttfb": 302.29999999993015,
  "fcp": 0,
  "lcp": 0,
  "cls": 0,
  "loadTime": 334,
  "domContentLoaded": 333.80000000004657,
  "searchDuration": 430
}