{
  "ttfb": 349.69999999998254,
  "fcp": 1564,
  "lcp": 1564,
  "cls": 0,
  "loadTime": 2456.1999999999825,
  "domContentLoaded": 1600.7999999999884
}