{
  "ttfb": 337.6000000000058,
  "fcp": 1300,
  "lcp": 1300,
  "cls": 0,
  "loadTime": 1815.7000000000116,
  "domContentLoaded": 1311.1000000000058
}