{
  "ttfb": 254.1999999999971,
  "fcp": 1216,
  "lcp": 1216,
  "cls": 0,
  "loadTime": 2042,
  "domContentLoaded": 1227.300000000003
}