{
  "ttfb": 299.9000000000233,
  "fcp": 1720,
  "lcp": 1720,
  "cls": 0,
  "loadTime": 2358.7000000000116,
  "domContentLoaded": 1719.8999999999942
}