{
  "ttfb": 286.4000000000233,
  "fcp": 1444,
  "lcp": 1444,
  "cls": 0,
  "loadTime": 1953.100000000035,
  "domContentLoaded": 1479.8000000000466
}