{
  "ttfb": 267.5,
  "fcp": 0,
  "lcp": 0,
  "cls": 0,
  "loadTime": 340.79999999998836,
  "domContentLoaded": 340.6000000000058,
  "searchDuration": 450
}