{
  "ttfb": 272.1000000000058,
  "fcp": 1192,
  "lcp": 1192,
  "cls": 0,
  "loadTime": 1979.3999999999942,
  "domContentLoaded": 1219.6000000000058
}