{
  "ttfb": 361.8999999999942,
  "fcp": 1444,
  "lcp": 1444,
  "cls": 0,
  "loadTime": 2004.5999999999913,
  "domContentLoaded": 1470.300000000003
}