{
  "ttfb": 327.3999999999942,
  "fcp": 1276,
  "lcp": 1276,
  "cls": 0,
  "loadTime": 1883.8999999999942,
  "domContentLoaded": 1332
}