{
  "ttfb": 280.69999999995343,
  "fcp": 0,
  "lcp": 0,
  "cls": 0,
  "loadTime": 316,
  "domContentLoaded": 315.9000000000233,
  "searchDuration": 427
}