{
  "ttfb": 321.1999999999971,
  "fcp": 1440,
  "lcp": 1440,
  "cls": 0,
  "loadTime": 2250.800000000003,
  "domContentLoaded": 1450.6000000000058
}