{
  "ttfb": 304.90000000000873,
  "fcp": 0,
  "lcp": 0,
  "cls": 0,
  "loadTime": 336.1000000000058,
  "domContentLoaded": 336,
  "searchDuration": 446
}