{
  "ttfb": 355,
  "fcp": 1344,
  "lcp": 1344,
  "cls": 0,
  "loadTime": 2026.6000000000058,
  "domContentLoaded": 1355.1999999999825
}