{
  "ttfb": 329.59999999999127,
  "fcp": 1540,
  "lcp": 1540,
  "cls": 0,
  "loadTime": 2203,
  "domContentLoaded": 1566.699999999997
}