{
  "ttfb": 316.70000000006985,
  "fcp": 1536,
  "lcp": 1536,
  "cls": 0,
  "loadTime": 2596.899999999907,
  "domContentLoaded": 1591.5
}