{
  "ttfb": 330.0999999999767,
  "fcp": 1760,
  "lcp": 1760,
  "cls": 0,
  "loadTime": 2202.0999999999767,
  "domContentLoaded": 1807.3999999999069
}