{
  "ttfb": 281.6999999999971,
  "fcp": 1304,
  "lcp": 1304,
  "cls": 0,
  "loadTime": 2198,
  "domContentLoaded": 1313.8999999999942
}